conf_var_id;conf_var_parent_id;conf_var_parent_name;profile_name;conf_var_name;conf_var_description;conf_var_unit;profile_unit;conf_var_types_id;conf_var_types_name;loinc;url_loinc;snomed;url_snomed;matching
1276;1;Patient;Arterieller Druck;ABP;arterielle Blutdruck;mmHg;mm[Hg];12;Medic_Pressure;;;386534000;https://bioportal.bioontology.org/ontologies/SNOMEDCT?p=classes&conceptid=386534000;0
100089;1;Patient;Arterieller Druck;ABP_2;zweiter arterieller Blutdruck;mmHg;mm[Hg];12;Medic_Pressure;;;386534000;https://bioportal.bioontology.org/ontologies/SNOMEDCT?p=classes&conceptid=386534000;0
100093;1;Patient;Arterieller Druck;ABP_1;arterieller Blutdruck 1;mmHg;mm[Hg];12;Medic_Pressure;;;386534000;https://bioportal.bioontology.org/ontologies/SNOMEDCT?p=classes&conceptid=386534000;0
102162;1;Patient;Arterieller Druck;PICCO_ABP;Arterieller Druck;;mm[Hg];12;Medic_Pressure;;;386534000;https://bioportal.bioontology.org/ontologies/SNOMEDCT?p=classes&conceptid=386534000;0
103010;1;Patient;Arterieller Druck;Nierenverfahren_MS_Multi_artDruck;arterieller Druck;mmHg;mm[Hg];6;Decimal_6_3;;;386534000;https://bioportal.bioontology.org/ontologies/SNOMEDCT?p=classes&conceptid=386534000;0
108390;102794;Score_ComfortSkala;Arterieller Druck;Score_ComfortSkala_MAD;Mittlerer Arterieller Blutdruck;;mm[Hg];27;SubScore;;;386534000;https://bioportal.bioontology.org/ontologies/SNOMEDCT?p=classes&conceptid=386534000;0
1267;1;Patient;Atemfrequenz;AF;Atemfrequenz;1/min;/min;6;Decimal_6_3;9279-1;https://loinc.org/9279-1/;86290005;https://bioportal.bioontology.org/ontologies/SNOMEDCT?p=classes&conceptid=86290005;0
103084;1;Patient;Atemzugvolumen Waehrend Beatmung;Beatmung_MS_VisionA_Tidalvolumen;gemessenes Tidalvolumen;ml;mL;6;Decimal_6_3;76222-9;https://loinc.org/76222-9/;250874002;https://bioportal.bioontology.org/ontologies/SNOMEDCT?p=classes&conceptid=250874002;0
103132;1;Patient;Atemzugvolumen Waehrend Beatmung;Beatmung_MS_BiPAPV_Vt;Messwert: gemessenes Tidalvolumen;ml;mL;6;Decimal_6_3;76222-9;https://loinc.org/76222-9/;250874002;https://bioportal.bioontology.org/ontologies/SNOMEDCT?p=classes&conceptid=250874002;0
104284;1;Patient;Atemzugvolumen Waehrend Beatmung;Beatmung_ES_Servoi_Vt;Tidalvolumen ;[ml];mL;6;Decimal_6_3;76222-9;https://loinc.org/76222-9/;250874002;https://bioportal.bioontology.org/ontologies/SNOMEDCT?p=classes&conceptid=250874002;0
104726;1;Patient;Atemzugvolumen Waehrend Beatmung;Beatmung_MS_Pallas_Vt;Gemessenes Tidalvolumen.;ml;mL;6;Decimal_6_3;76222-9;https://loinc.org/76222-9/;250874002;https://bioportal.bioontology.org/ontologies/SNOMEDCT?p=classes&conceptid=250874002;0
100098;1;Patient;Beatmungsvolumen Pro Minute Maschineller Beatmung;Beatmung_Messung_MV;Mindest Volumen tot.;L/min;L/min;6;Decimal_6_3;76009-0;https://loinc.org/76009-0/;426102006;https://bioportal.bioontology.org/ontologies/SNOMEDCT?p=classes&conceptid=426102006;0
100107;1;Patient;Beatmungsvolumen Pro Minute Maschineller Beatmung;Beatmung_Einstellung_AMV;Atemminutenvolumen (AMV);l/min.;L/min;6;Decimal_6_3;76009-0;https://loinc.org/76009-0/;426102006;https://bioportal.bioontology.org/ontologies/SNOMEDCT?p=classes&conceptid=426102006;0
100271;1;Patient;Beatmungsvolumen Pro Minute Maschineller Beatmung;Beatmung_Messung_AMV;Respiratory Minute Volume;L/min;L/min;6;Decimal_6_3;76009-0;https://loinc.org/76009-0/;426102006;https://bioportal.bioontology.org/ontologies/SNOMEDCT?p=classes&conceptid=426102006;0
103280;1;Patient;Beatmungsvolumen Pro Minute Maschineller Beatmung;Beatmung_MS_Evita2_AMV;gemessenes Atemminutenvolumen;L/min;L/min;6;Decimal_6_3;76009-0;https://loinc.org/76009-0/;426102006;https://bioportal.bioontology.org/ontologies/SNOMEDCT?p=classes&conceptid=426102006;0
103320;1;Patient;Beatmungsvolumen Pro Minute Maschineller Beatmung;Beatmung_MS_Evita4_MV;gemessenes Atemminutenvolumen;L/min;L/min;6;Decimal_6_3;76009-0;https://loinc.org/76009-0/;426102006;https://bioportal.bioontology.org/ontologies/SNOMEDCT?p=classes&conceptid=426102006;0
104243;1;Patient;Beatmungsvolumen Pro Minute Maschineller Beatmung;Beatmung_MS_Servoi_MVi;Insp. Minutenvolumen ;[l/min];L/min;6;Decimal_6_3;76009-0;https://loinc.org/76009-0/;426102006;https://bioportal.bioontology.org/ontologies/SNOMEDCT?p=classes&conceptid=426102006;0
104725;1;Patient;Beatmungsvolumen Pro Minute Maschineller Beatmung;Beatmung_MS_Pallas_MV;Gemessenes Atemminutenvolumen.;L/min;L/min;6;Decimal_6_3;76009-0;https://loinc.org/76009-0/;426102006;https://bioportal.bioontology.org/ontologies/SNOMEDCT?p=classes&conceptid=426102006;0
100305;1;Patient;Beatmungszeit Hohem Druck;Beatmung_Messung_ZeitHoch;;sec;s;6;Decimal_6_3;76190-8;https://loinc.org/76190-8/;;;0
104263;1;Patient;Beatmungszeit Hohem Druck;Beatmung_ES_Servoi_Thoch;zeit oberes Druckniveau (thoch) ;[s];s;6;Decimal_6_3;76190-8;https://loinc.org/76190-8/;;;0
100306;1;Patient;Beatmungszeit Niedrigem Druck;Beatmung_Messung_ZeitNiedrig;;sec;s;6;Decimal_6_3;76229-4;https://loinc.org/76229-4/;;;0
104262;1;Patient;Beatmungszeit Niedrigem Druck;Beatmung_ES_Servoi_Tpeep;zeit unteres Druckniveau (tniedrig) ;[s];s;6;Decimal_6_3;76229-4;https://loinc.org/76229-4/;;;0
1275;1;Patient;Blutdruck;NBP;nichtinvasiver Blutdruck;mmHg;mm[Hg];12;Medic_Pressure;;;75367002;https://bioportal.bioontology.org/ontologies/SNOMEDCT?p=classes&conceptid=75367002;0
100094;1;Patient;Blutdruck;NBP_1;nichtinvasiver Blutdruck 1;mmHg;mm[Hg];12;Medic_Pressure;;;75367002;https://bioportal.bioontology.org/ontologies/SNOMEDCT?p=classes&conceptid=75367002;0
104356;1;Patient;Blutdruck;IABP_DatascopeCS300_MS_Systole_Mittel_Diastole;Dokumentation des gemessenen Blutdruckes unter IABP.;;mm[Hg];12;Medic_Pressure;;;75367002;https://bioportal.bioontology.org/ontologies/SNOMEDCT?p=classes&conceptid=75367002;0
104418;104403;Praemedikation;Blutdruck;Praemedikation_Präanästh_Anordnung_Einheiten_EB;Präanästhetische Anordnung: Anzahl der anzufordernden Einheiten an Eigenblut.;;mm[Hg];3;String;;;75367002;https://bioportal.bioontology.org/ontologies/SNOMEDCT?p=classes&conceptid=75367002;0
104555;104403;Praemedikation;Blutdruck;Praemedikation_Blutdruck;Dokumentation des Blutdruckes.;;mm[Hg];3;String;;;75367002;https://bioportal.bioontology.org/ontologies/SNOMEDCT?p=classes&conceptid=75367002;0
106468;1;Patient;Blutdruck;IABP_CARDIOSAVE_MS_Systole_Mittel_Diastole;Dokumentation des gemessenen Blutdruckes unter IABP;;mm[Hg];12;Medic_Pressure;;;75367002;https://bioportal.bioontology.org/ontologies/SNOMEDCT?p=classes&conceptid=75367002;0
108390;102794;Score_ComfortSkala;Blutdruck;Score_ComfortSkala_MAD;Mittlerer Arterieller Blutdruck;;mm[Hg];27;SubScore;;;75367002;https://bioportal.bioontology.org/ontologies/SNOMEDCT?p=classes&conceptid=75367002;0
108503;1;Patient;Blutdruck;P_NBP_liBein;Nichtinvaiver Blutdruck linkes Bein;mmHg;mm[Hg];12;Medic_Pressure;;;75367002;https://bioportal.bioontology.org/ontologies/SNOMEDCT?p=classes&conceptid=75367002;0
108504;1;Patient;Blutdruck;P_NBP_reBein;Nichtinvasiver Blutdruck rechtes Bein;mmHg;mm[Hg];12;Medic_Pressure;;;75367002;https://bioportal.bioontology.org/ontologies/SNOMEDCT?p=classes&conceptid=75367002;0
108505;1;Patient;Blutdruck;P_NBP_liArm;Nichtinvasiver Blutdruck linker Arm;mmHg;mm[Hg];12;Medic_Pressure;;;75367002;https://bioportal.bioontology.org/ontologies/SNOMEDCT?p=classes&conceptid=75367002;0
108506;1;Patient;Blutdruck;P_NBP_reArm;Nichtinvasiver Blutdruck rechter Arm;mmHg;mm[Hg];12;Medic_Pressure;;;75367002;https://bioportal.bioontology.org/ontologies/SNOMEDCT?p=classes&conceptid=75367002;0
106332;1;Patient;Blutfluss Cardiovasculaeres Geraet;CardioHelpMaquet_MS_Blutfluss;;L/Min;L/min;6;Decimal_6_3;;;444479000;https://bioportal.bioontology.org/ontologies/SNOMEDCT?p=classes&conceptid=444479000;0
106339;1;Patient;Blutfluss Cardiovasculaeres Geraet;CardioHelpMaquet_VO_Blutfluss;;L/Min;L/min;6;Decimal_6_3;;;444479000;https://bioportal.bioontology.org/ontologies/SNOMEDCT?p=classes&conceptid=444479000;0
102651;1;Patient;Dauer Haemodialysesitzung;Nierenersatzverfahren_Einstell_DialyseZeit;;;h;6;Decimal_6_3;;;445940005;https://bioportal.bioontology.org/ontologies/SNOMEDCT?p=classes&conceptid=445940005;0
102666;1;Patient;Dauer Haemodialysesitzung;Nierenersatzverfahren_Mess_DialyseZeit;;;h;6;Decimal_6_3;;;445940005;https://bioportal.bioontology.org/ontologies/SNOMEDCT?p=classes&conceptid=445940005;0
102675;1;Patient;Dauer Haemodialysesitzung;Nierenersatzverfahren_VO_DialyseZeit;;;h;6;Decimal_6_3;;;445940005;https://bioportal.bioontology.org/ontologies/SNOMEDCT?p=classes&conceptid=445940005;0
103146;1;Patient;Dauer Haemodialysesitzung;Nierenverfahren_ES_4008HS_DialyseZeit;;h:min;h;6;Decimal_6_3;;;445940005;https://bioportal.bioontology.org/ontologies/SNOMEDCT?p=classes&conceptid=445940005;0
103174;1;Patient;Dauer Haemodialysesitzung;Nierenvwerfahren_ES_4008onl_Dialysezeit;;h:min;h;6;Decimal_6_3;;;445940005;https://bioportal.bioontology.org/ontologies/SNOMEDCT?p=classes&conceptid=445940005;0
103205;1;Patient;Dauer Haemodialysesitzung;Nierenverfahren_ES_4008onl_Dialysezeit;;h:min;h;6;Decimal_6_3;;;445940005;https://bioportal.bioontology.org/ontologies/SNOMEDCT?p=classes&conceptid=445940005;0
103218;1;Patient;Dauer Haemodialysesitzung;Nierenverfahren_VO_4008onl_Dialysezeit;;h:min;h;6;Decimal_6_3;;;445940005;https://bioportal.bioontology.org/ontologies/SNOMEDCT?p=classes&conceptid=445940005;0
103254;1;Patient;Dauer Haemodialysesitzung;Nierenverfahren_VO_4008HS_Dialysezeit;;h:min;h;6;Decimal_6_3;;;445940005;https://bioportal.bioontology.org/ontologies/SNOMEDCT?p=classes&conceptid=445940005;0
103078;1;Patient;Druckdifferenz Beatmung;Beatmung_MS_VisionA_Amplitude;gemessene Druckdifferenz im HFOV Modus;cm H2O;cm[H2O];6;Decimal_6_3;76154-4;https://loinc.org/76154-4/;;;0
104236;1;Patient;Dynamische Kompliance;Beatmung_MS_Servoi_Cdyn;Dynamische Charakteristika ;[ml/cmH2O];mL/cm[H2O];6;Decimal_6_3;60827-3;https://loinc.org/60827-3/;250823005;https://bioportal.bioontology.org/ontologies/SNOMEDCT?p=classes&conceptid=250823005;0
100104;1;Patient;Eingestellter Inspiratorischer Gasfluss;Beatmung_Einstellung_Flow;Inspiratorische Flowrate;l/min;L/min;6;Decimal_6_3;76275-7;https://loinc.org/76275-7/;;;0
100113;1;Patient;Eingestellter Inspiratorischer Gasfluss;Beatmung_Anordnung_Flow;Anordnung Inspiratorische Flowrate;l/min;L/min;6;Decimal_6_3;76275-7;https://loinc.org/76275-7/;;;0
102058;1;Patient;Eingestellter Inspiratorischer Gasfluss;Beatmung_Einstellung_Inspirationsflow;;l/min;L/min;6;Decimal_6_3;76275-7;https://loinc.org/76275-7/;;;0
102887;1;Patient;Einstellung Einatmungszeit Beatmung;Beatmung_ES_G5_Ti;Einstelungswert für die Inspirationszeit;s;s;6;Decimal_6_3;76334-2;https://loinc.org/76334-2/;;;0
103133;1;Patient;Einstellung Einatmungszeit Beatmung;Beatmung_ES_BiPAPV_Inspirationszeit;Einstellwert: Zeiteinstellung für die Inspirationszeit;s;s;6;Decimal_6_3;76334-2;https://loinc.org/76334-2/;;;0
103260;1;Patient;Einstellung Einatmungszeit Beatmung;Beatmung_ES_VisionA_Ti;Einstellwert: Inspirationszeit in Sekunden;sec.;s;6;Decimal_6_3;76334-2;https://loinc.org/76334-2/;;;0
103297;1;Patient;Einstellung Einatmungszeit Beatmung;Beatmung_ES_Evita4_Tinsp;eingestellte absolute Inspirationszeit;s;s;6;Decimal_6_3;76334-2;https://loinc.org/76334-2/;;;0
103415;1;Patient;Einstellung Einatmungszeit Beatmung;Beatmung_ES_Avea_InspZeit;eingestellte Inspirationszeit eines Atemzuges;sek.;s;6;Decimal_6_3;76334-2;https://loinc.org/76334-2/;;;0
106640;1;Patient;Einstellung Einatmungszeit Beatmung;Beatmung_ES_T1_Ti;Einstelungswert für die Inspirationszeit;s;s;6;Decimal_6_3;76334-2;https://loinc.org/76334-2/;;;0
108021;1;Patient;Endexpiratorischer Kohlendioxidpartialdruck;P_Beatmung_MS_C3_petCO2;Endtidaler CO2-Partialdruck;mmHg;mm[Hg];6;Decimal_6_3;19891-1;https://loinc.org/19891-1/;250784008;https://bioportal.bioontology.org/ontologies/SNOMEDCT?p=classes&conceptid=250784008;0
102915;1;Patient;Exspiratorischer Gasfluss;Beatmung_MS_G5_ExspFlow;Exspiratorischer Peakflow, ein Monitoring-Parameter;l/min;L/min;6;Decimal_6_3;60792-9;https://loinc.org/60792-9/;;;0
104792;1;Patient;Exspiratorischer Gasfluss;Beatmung_MS_C2_ExspFlow;;;L/min;6;Decimal_6_3;60792-9;https://loinc.org/60792-9/;;;0
107873;1;Patient;Exspiratorischer Gasfluss;Beatmung_MS_T1_ExspFlow;Exspiratorischer Peakflow;l/min;L/min;6;Decimal_6_3;60792-9;https://loinc.org/60792-9/;;;0
108032;1;Patient;Exspiratorischer Gasfluss;P_Beatmung_MS_C3_ExspFlow;Exspiratorischer Peakflow;l/min;L/min;6;Decimal_6_3;60792-9;https://loinc.org/60792-9/;;;0
103817;1;Patient;Exspiratorischer Sauerstoffpartialdruck;PtiO2Druck;Gemessener Sauerstoffpartialdruck im Parenchym;mmHg;mm[Hg];12;Medic_Pressure;3147-6;https://loinc.org/3147-6/;250775008;https://bioportal.bioontology.org/ontologies/SNOMEDCT?p=classes&conceptid=250775008;0
103152;1;Patient;Haemodialyse Blutfluss;Nierenverfahren_ES_4008HS_Blutfluss;;ml/min;ml/h;6;Decimal_6_3;;;401000124105;https://bioportal.bioontology.org/ontologies/SNOMEDCT?p=classes&conceptid=401000124105;0
103153;1;Patient;Haemodialyse Blutfluss;Nierenverfahren_ES_4008HS_BlutflussSNPumpe;;ml/min;ml/h;6;Decimal_6_3;;;401000124105;https://bioportal.bioontology.org/ontologies/SNOMEDCT?p=classes&conceptid=401000124105;0
103169;1;Patient;Haemodialyse Blutfluss;Nierenverfahren_MS_4008HS_effBlutfluss;;ml/min;ml/h;6;Decimal_6_3;;;401000124105;https://bioportal.bioontology.org/ontologies/SNOMEDCT?p=classes&conceptid=401000124105;0
103180;1;Patient;Haemodialyse Blutfluss;Nierenverfahren_ES_4008onl_Blutfluss;;ml/min;ml/h;6;Decimal_6_3;;;401000124105;https://bioportal.bioontology.org/ontologies/SNOMEDCT?p=classes&conceptid=401000124105;0
103181;1;Patient;Haemodialyse Blutfluss;Nierenverfahren_ES_4008onl_BlutflussSNPumpe;;ml/min;ml/h;6;Decimal_6_3;;;401000124105;https://bioportal.bioontology.org/ontologies/SNOMEDCT?p=classes&conceptid=401000124105;0
103200;1;Patient;Haemodialyse Blutfluss;Nierenverfahren_MS_4008onl_effBlutfluss;;ml/min;ml/h;6;Decimal_6_3;;;401000124105;https://bioportal.bioontology.org/ontologies/SNOMEDCT?p=classes&conceptid=401000124105;0
103220;1;Patient;Haemodialyse Blutfluss;Nierenverfahren_VO_4008onl_Blutfluss;;ml/min;ml/h;6;Decimal_6_3;;;401000124105;https://bioportal.bioontology.org/ontologies/SNOMEDCT?p=classes&conceptid=401000124105;0
103235;1;Patient;Haemodialyse Blutfluss;Nierenverfahren_VO_4008onl_BlutflussSNPumpe;;ml/min;ml/h;6;Decimal_6_3;;;401000124105;https://bioportal.bioontology.org/ontologies/SNOMEDCT?p=classes&conceptid=401000124105;0
103246;1;Patient;Haemodialyse Blutfluss;Nierenverfahren_VO_4008HS_BlutflussSNPumpe;;ml/min;ml/h;6;Decimal_6_3;;;401000124105;https://bioportal.bioontology.org/ontologies/SNOMEDCT?p=classes&conceptid=401000124105;0
104863;1;Patient;Haemodialyse Blutfluss;NEV_HD_MS_4008onl_effBlutfluss;;;ml/h;6;Decimal_6_3;;;401000124105;https://bioportal.bioontology.org/ontologies/SNOMEDCT?p=classes&conceptid=401000124105;0
104872;1;Patient;Haemodialyse Blutfluss;NEV_HD_MS_4008HS_effBlutfluss;;;ml/h;6;Decimal_6_3;;;401000124105;https://bioportal.bioontology.org/ontologies/SNOMEDCT?p=classes&conceptid=401000124105;0
104887;1;Patient;Haemodialyse Blutfluss;NEV_HD_ES_4008HS_BlutflussSNPumpe;;;ml/h;6;Decimal_6_3;;;401000124105;https://bioportal.bioontology.org/ontologies/SNOMEDCT?p=classes&conceptid=401000124105;0
104888;1;Patient;Haemodialyse Blutfluss;NEV_HD_ES_4008HS_Blutfluss;;;ml/h;6;Decimal_6_3;;;401000124105;https://bioportal.bioontology.org/ontologies/SNOMEDCT?p=classes&conceptid=401000124105;0
104906;1;Patient;Haemodialyse Blutfluss;NEV_HD_ES_4008onl_BlutflussSNPumpe;;;ml/h;6;Decimal_6_3;;;401000124105;https://bioportal.bioontology.org/ontologies/SNOMEDCT?p=classes&conceptid=401000124105;0
104907;1;Patient;Haemodialyse Blutfluss;NEV_HD_ES_4008onll_Blutfluss;;;ml/h;6;Decimal_6_3;;;401000124105;https://bioportal.bioontology.org/ontologies/SNOMEDCT?p=classes&conceptid=401000124105;0
104929;1;Patient;Haemodialyse Blutfluss;NEV_HD_VO_4008onl_BlutflussSNPumpe;;;ml/h;6;Decimal_6_3;;;401000124105;https://bioportal.bioontology.org/ontologies/SNOMEDCT?p=classes&conceptid=401000124105;0
104942;1;Patient;Haemodialyse Blutfluss;NEV_HD_VO_4008HS_Blutfluss_SN_Pumpe;;;ml/h;6;Decimal_6_3;;;401000124105;https://bioportal.bioontology.org/ontologies/SNOMEDCT?p=classes&conceptid=401000124105;0
110777;1;Patient;Haemodialyse Blutfluss;P_NEV_HD_MS_5008onl_effBlutfluss;;;ml/h;6;Decimal_6_3;;;401000124105;https://bioportal.bioontology.org/ontologies/SNOMEDCT?p=classes&conceptid=401000124105;0
110795;1;Patient;Haemodialyse Blutfluss;P_NEV_HD_ES_5008onl_BlutflussSNPumpe;;;ml/h;6;Decimal_6_3;;;401000124105;https://bioportal.bioontology.org/ontologies/SNOMEDCT?p=classes&conceptid=401000124105;0
110796;1;Patient;Haemodialyse Blutfluss;P_NEV_HD_ES_5008onl_Blutfluss;;;ml/h;6;Decimal_6_3;;;401000124105;https://bioportal.bioontology.org/ontologies/SNOMEDCT?p=classes&conceptid=401000124105;0
110813;1;Patient;Haemodialyse Blutfluss;P_NEV_HD_VO_5008onl_BlutflussSNPumpe;;;ml/h;6;Decimal_6_3;;;401000124105;https://bioportal.bioontology.org/ontologies/SNOMEDCT?p=classes&conceptid=401000124105;0
117163;1;Patient;Haemodialyse Blutfluss;P_NEV_HD_ES_Genius_Blutfluss;;;ml/h;6;Decimal_6_3;;;401000124105;https://bioportal.bioontology.org/ontologies/SNOMEDCT?p=classes&conceptid=401000124105;0
1266;1;Patient;Herzfrequenz;HF;Herzfrequenz;1/min;/min;6;Decimal_6_3;8867-4;https://loinc.org/8867-4/;;;0
101912;101906;KlinikHerzKreislaufFunktion_KMakrozirkulation_Wert;Herzfrequenz;KlinikHerzKreislaufFunktion_KMakrozirkulation_Hf;Herzfrequenz;;/min;3;String;8867-4;https://loinc.org/8867-4/;;;0
102051;1;Patient;Herzzeitvolumen;HZV;Herzzeitvolumen;;L/min;6;Decimal_6_3;8741-1;https://loinc.org/8741-1/;82799009;https://bioportal.bioontology.org/ontologies/SNOMEDCT?p=classes&conceptid=82799009;0
102173;1;Patient;Herzzeitvolumen;PICCO_HZV;Herzzeitvolumen;;L/min;6;Decimal_6_3;8741-1;https://loinc.org/8741-1/;82799009;https://bioportal.bioontology.org/ontologies/SNOMEDCT?p=classes&conceptid=82799009;0
102184;1;Patient;Herzzeitvolumen;VigilanceC_HZV;Herzzeitvolumen;;L/min;6;Decimal_6_3;8741-1;https://loinc.org/8741-1/;82799009;https://bioportal.bioontology.org/ontologies/SNOMEDCT?p=classes&conceptid=82799009;0
104032;1;Patient;Horowitz In Arteriellem Blut;Beatmung_MS_HorowitzINPULS;Messung des Horowitz-Indexes;;mm[Hg];6;Decimal_6_3;50984-4;https://loinc.org/50984-4/;;;0
102903;1;Patient;Inspiratorischer Gasfluss;Beatmung_MS_G5_InspFlow;Inspiratorischer Peakflow, ein Monitoring-Parameter;l/min;L/min;6;Decimal_6_3;60794-5;https://loinc.org/60794-5/;;;0
103268;1;Patient;Inspiratorischer Gasfluss;Beatmung_ES_Evita2_InspFlow;eingestellter Inspirationfluss;L/min;L/min;6;Decimal_6_3;60794-5;https://loinc.org/60794-5/;;;0
107816;1;Patient;Inspiratorischer Gasfluss;Beatmung_ES_Leoni_FlowInsp;;l/min;L/min;6;Decimal_6_3;60794-5;https://loinc.org/60794-5/;;;0
107878;1;Patient;Inspiratorischer Gasfluss;Beatmung_MS_T1_InspFlow;Inspiratorischer Peakflow;l/min;L/min;6;Decimal_6_3;60794-5;https://loinc.org/60794-5/;;;0
108033;1;Patient;Inspiratorischer Gasfluss;P_Beatmung_MS_C3_InspFlow;Inspiratorischer Peakflow;l/min;L/min;6;Decimal_6_3;60794-5;https://loinc.org/60794-5/;;;0
100047;100000;TISS28;Intrakranieller Druck;TISS28_TS_ICPMessung;;;mm[Hg];27;SubScore;60956-0;https://loinc.org/60956-0/;250844005;https://bioportal.bioontology.org/ontologies/SNOMEDCT?p=classes&conceptid=250844005;0
100088;1;Patient;Intrakranieller Druck;ICP;Intrakranialer Druck;mmHg;mm[Hg];6;Decimal_6_3;60956-0;https://loinc.org/60956-0/;250844005;https://bioportal.bioontology.org/ontologies/SNOMEDCT?p=classes&conceptid=250844005;0
101956;101947;Score_TISS28;Intrakranieller Druck;Score_TISS28_ICPMessung;;;mm[Hg];27;SubScore;60956-0;https://loinc.org/60956-0/;250844005;https://bioportal.bioontology.org/ontologies/SNOMEDCT?p=classes&conceptid=250844005;0
102775;102771;Score_TISS10;Intrakranieller Druck;Score_TISS10_ICPMessung;;;mm[Hg];27;SubScore;60956-0;https://loinc.org/60956-0/;250844005;https://bioportal.bioontology.org/ontologies/SNOMEDCT?p=classes&conceptid=250844005;0
104052;104041;Score_TISS28_Aufnahme;Intrakranieller Druck;TISS28_ICPMessung_Aufnahme;;;mm[Hg];27;SubScore;60956-0;https://loinc.org/60956-0/;250844005;https://bioportal.bioontology.org/ontologies/SNOMEDCT?p=classes&conceptid=250844005;0
104203;104197;Score_TISS10_Aufnahme;Intrakranieller Druck;TISS10_ICPMessung_Aufnahme;;;mm[Hg];27;SubScore;60956-0;https://loinc.org/60956-0/;250844005;https://bioportal.bioontology.org/ontologies/SNOMEDCT?p=classes&conceptid=250844005;0
110923;1;Patient;Intrakranieller Druck;ICP1;intracranieller Druck;mmHg;mm[Hg];12;Medic_Pressure;60956-0;https://loinc.org/60956-0/;250844005;https://bioportal.bioontology.org/ontologies/SNOMEDCT?p=classes&conceptid=250844005;0
103054;1;Patient;Ionisiertes Kalzium Nierenersatzverfahren;Nierenverfahren_VO_Multi_Calcium;Ca-rate;mmol/l;mmol/L;6;Decimal_6_3;83064-6;https://loinc.org/83064-6/;;;0
103058;1;Patient;Ionisiertes Kalzium Nierenersatzverfahren;Nierenverfahren_ES_Multi_CalciumFiltrat;Calciumrate;mmol/l;mmol/L;6;Decimal_6_3;83064-6;https://loinc.org/83064-6/;;;0
104974;1;Patient;Ionisiertes Kalzium Nierenersatzverfahren;NEV_CRRT_ES_Multi_CalciumFiltrat;;;mmol/L;6;Decimal_6_3;83064-6;https://loinc.org/83064-6/;;;0
104985;1;Patient;Ionisiertes Kalzium Nierenersatzverfahren;NEV_CRRT_Doku_CalciumLoesung;;;mmol/L;19;BarValue;83064-6;https://loinc.org/83064-6/;;;0
104995;1;Patient;Ionisiertes Kalzium Nierenersatzverfahren;NEV_CRRT_VO_Multi_CalciumFiltrat;;;mmol/L;6;Decimal_6_3;83064-6;https://loinc.org/83064-6/;;;0
105006;1;Patient;Ionisiertes Kalzium Nierenersatzverfahren;NEV_CRRT_VO_CalciumLoesung;;;mmol/L;3;String;83064-6;https://loinc.org/83064-6/;;;0
6;1;Patient;Koerpergewicht;Patient_Gewicht;Gewicht des Patienten;;kg;6;Decimal_6_3;29463-7;https://loinc.org/29463-7/;;;0
13;1;Patient;Koerpergewicht;COPRA_Patient_Bezugsgewicht;Bezugsgewicht des Patienten in kg;kg;kg;6;Decimal_6_3;29463-7;https://loinc.org/29463-7/;;;0
14;1;Patient;Koerpergewicht;COPRA_Patient_Geburtsgewicht;Geburtsgewicht des Patienten in Kilogramm;kg;kg;6;Decimal_6_3;29463-7;https://loinc.org/29463-7/;;;0
101322;20;Fall;Koerpergewicht;Patient_AufnGewicht;Aufnahmegewicht (fallbezogen);;kg;6;Decimal_6_3;29463-7;https://loinc.org/29463-7/;;;0
7;1;Patient;Koerpergroesse;Patient_Groesse;Größe des Patienten;;cm;6;Decimal_6_3;;;50373000;https://bioportal.bioontology.org/ontologies/SNOMEDCT?p=classes&conceptid=50373000;0
101323;20;Fall;Koerpergroesse;Patient_AufnGroesse;Größe Patient (fallbezogen);;cm;6;Decimal_6_3;;;50373000;https://bioportal.bioontology.org/ontologies/SNOMEDCT?p=classes&conceptid=50373000;0
105243;30;Behandlung;Koerpergroesse;B_Aufnahmegroesse;Dokumentation der Patientengröße bei Aufnahme.;;cm;3;String;;;50373000;https://bioportal.bioontology.org/ontologies/SNOMEDCT?p=classes&conceptid=50373000;0
106467;30;Behandlung;Koerpergroesse;B_Aufnahmegroesse_Wert;;;cm;6;Decimal_6_3;;;50373000;https://bioportal.bioontology.org/ontologies/SNOMEDCT?p=classes&conceptid=50373000;0
108250;30;Behandlung;Koerpergroesse Percentil;B_Aufnahme_Perzentile_Groesse;;;%;6;Decimal_6_3;8303-0;https://loinc.org/8303-0/;1153605006;https://bioportal.bioontology.org/ontologies/SNOMEDCT?p=classes&conceptid=1153605006;0
100776;30;Behandlung;Koerpertemperatur Kern;IstPflege_Koerperkerntemp;;;Cel;3;String;8329-5;https://loinc.org/8329-5/;;;0
101030;101007;KlinikTemperaturstatus;Koerpertemperatur Kern;KlinikTemperaturstatus_Kerntemperatur_Wert;;;Cel;25;GroupedParameterPropertyObject;8329-5;https://loinc.org/8329-5/;;;0
101274;101030;KlinikTemperaturstatus_Kerntemperatur_Wert;Koerpertemperatur Kern;KlinikTemperaturstatus_Kerntemperatur_Kerntemp;;;Cel;3;String;8329-5;https://loinc.org/8329-5/;;;0
101934;101009;KlinikNervensys;Koerpertemperatur Kern;KlinikNervensys_Kerntemperatur_Wert;;;Cel;25;GroupedParameterPropertyObject;8329-5;https://loinc.org/8329-5/;;;0
101935;101934;KlinikNervensys_Kerntemperatur_Wert;Koerpertemperatur Kern;KlinikNervensys_Kerntemperatur_Temp;Kerntemperatur;;Cel;3;String;8329-5;https://loinc.org/8329-5/;;;0
110933;1;Patient;Koerpertemperatur Kern;P_Temperatur_Kern;Anlage für Philips Monitoring;°C;Cel;6;Decimal_6_3;8329-5;https://loinc.org/8329-5/;;;0
11;1;Patient;Kopfumfang;COPRA_Patient_Kopfumfang;Kopfumfang des Patienten in Zentimetern;cm;cm;6;Decimal_6_3;9843-4;https://loinc.org/9843-4/;363811000;https://bioportal.bioontology.org/ontologies/SNOMEDCT?p=classes&conceptid=363811000;0
101763;1;Patient;Kopfumfang;Patient_Kopfumfang;Kopfumfang des Patienten (Kinder);;cm;3;String;9843-4;https://loinc.org/9843-4/;363811000;https://bioportal.bioontology.org/ontologies/SNOMEDCT?p=classes&conceptid=363811000;0
108502;1;Patient;Kopfumfang;Patient_Kopfumfang_bit;Kopfumfang bit cm;cm;cm;6;Decimal_6_3;9843-4;https://loinc.org/9843-4/;363811000;https://bioportal.bioontology.org/ontologies/SNOMEDCT?p=classes&conceptid=363811000;0
100091;1;Patient;Linksatrialer Druck;LAP;Linksatrial  Mitteldruck;mmHg;mm[Hg];6;Decimal_6_3;;;75367002;https://bioportal.bioontology.org/ontologies/SNOMEDCT?p=classes&conceptid=75367002;0
102055;1;Patient;Linksventrikulaerer Druck;LVP;Linksventrikulärer Mitteldruck;mmHg;mm[Hg];12;Medic_Pressure;;;75367002;https://bioportal.bioontology.org/ontologies/SNOMEDCT?p=classes&conceptid=75367002;0
102024;1;Patient;Linksventrikulaerer Herzindex;LVSAI;Linksventrikulärer Schlagarbeitsindex ;g x m/m2;L/(min.m2);6;Decimal_6_3;75919-1;https://loinc.org/75919-1/;54993008;https://bioportal.bioontology.org/ontologies/SNOMEDCT?p=classes&conceptid=54993008;0
102039;1;Patient;Linksventrikulaerer Herzindex;dPmax;Index der linken Ventrikelkontraktilität  ;mmHg/s;L/(min.m2);6;Decimal_6_3;75919-1;https://loinc.org/75919-1/;54993008;https://bioportal.bioontology.org/ontologies/SNOMEDCT?p=classes&conceptid=54993008;0
102031;100134;HarnwegeDarm;Linksventrikulaerer Schlagvolumenindex;SVI;Index des Schlagvolumens ;ml/m2;mL/m2;3;String;76297-1;https://loinc.org/76297-1/;277381004;https://bioportal.bioontology.org/ontologies/SNOMEDCT?p=classes&conceptid=277381004;0
102036;1;Patient;Linksventrikulaerer Schlagvolumenindex;p-SVI;Schlagvolumenindex  (PICCO Modul Dräger Monitoring);ml/m2;mL/m2;6;Decimal_6_3;76297-1;https://loinc.org/76297-1/;277381004;https://bioportal.bioontology.org/ontologies/SNOMEDCT?p=classes&conceptid=277381004;0
102179;1;Patient;Linksventrikulaerer Schlagvolumenindex;Vigileo_SVI;SchlagvolumenindexSchlagvolumenindex;ml/b/m²ml/b/m²;mL/m2;6;Decimal_6_3;76297-1;https://loinc.org/76297-1/;277381004;https://bioportal.bioontology.org/ontologies/SNOMEDCT?p=classes&conceptid=277381004;0
102187;1;Patient;Linksventrikulaerer Schlagvolumenindex;VigilanceC_SVI;Schlagvolumenindex;;mL/m2;6;Decimal_6_3;76297-1;https://loinc.org/76297-1/;277381004;https://bioportal.bioontology.org/ontologies/SNOMEDCT?p=classes&conceptid=277381004;0
102030;1;Patient;Linksventrikulaeres Schlagvolumen;SV;Schlagvolumen ;ml;/mL;3;String;20562-5;https://loinc.org/20562-5/;;;0
102186;1;Patient;Linksventrikulaeres Schlagvolumen;VigilanceC_SV;Schlagvolumen;;/mL;6;Decimal_6_3;20562-5;https://loinc.org/20562-5/;;;0
102408;1;Patient;Linksventrikulaeres Schlagvolumen;p-SV;Schlagvolumen;ml;/mL;6;Decimal_6_3;20562-5;https://loinc.org/20562-5/;;;0
102874;1;Patient;Linksventrikulaeres Schlagvolumen;Beatmung_ES_VisionA_Schlagvolumen;Schlagvolumen (SV) in engl. (cycle volume);ml;/mL;6;Decimal_6_3;20562-5;https://loinc.org/20562-5/;;;0
104758;1;Patient;Linksventrikulaeres Schlagvolumen;Schlagvolumen;gemessenes Schlagvolumen;ml;/mL;6;Decimal_6_3;20562-5;https://loinc.org/20562-5/;;;0
100264;1;Patient;Maximaler Beatmungsdruck;Beatmung_Einstellung_Pmax;Pmax, Maximaldruck;mbar;cm[H2O];6;Decimal_6_3;76531-3;https://loinc.org/76531-3/;;;0
100300;1;Patient;Maximaler Beatmungsdruck;Beatmung_Messung_Pmax;Peak Airway Pressure;mmHg;cm[H2O];6;Decimal_6_3;76531-3;https://loinc.org/76531-3/;;;0
101625;1;Patient;Maximaler Beatmungsdruck;Beatmung_VO_Pmax;;;cm[H2O];30;Decimal_6_3Order;76531-3;https://loinc.org/76531-3/;;;0
101635;1;Patient;Maximaler Beatmungsdruck;Beatmung_Proc_Pmax;;;cm[H2O];32;Decimal_6_3Procedure;76531-3;https://loinc.org/76531-3/;;;0
102861;1;Patient;Maximaler Beatmungsdruck;Beatmung_MS_BiPAPV_Pimax;Pimax (Maximaler inspiratorischer Atemwegsdruck)  ;cm H2O;cm[H2O];6;Decimal_6_3;76531-3;https://loinc.org/76531-3/;;;0
103282;1;Patient;Maximaler Beatmungsdruck;Beatmung_MS_Evita2_Pmax;gemessener Beatmungsspitzendruck;mbar;cm[H2O];6;Decimal_6_3;76531-3;https://loinc.org/76531-3/;;;0
104173;1;Patient;Maximaler Beatmungsdruck;Beatmung_ES_Zephyros_Pmax;;cm H20;cm[H2O];6;Decimal_6_3;76531-3;https://loinc.org/76531-3/;;;0
110879;1;Patient;Maximaler Beatmungsdruck;Beatmung_ES_T1_Pmax;;mbar;cm[H2O];6;Decimal_6_3;76531-3;https://loinc.org/76531-3/;;;0
100099;1;Patient;Mechanische Atemfrequenz Beatmet;Beatmung_Messung_Frequenz;Frequenz tot.;1/min;{Breaths}/min;6;Decimal_6_3;33438-3;https://loinc.org/33438-3/;;;0
100108;1;Patient;Mechanische Atemfrequenz Beatmet;Beatmung_Einstellung_AF;Beatmungsfrequenz (f/AF);1/min;{Breaths}/min;6;Decimal_6_3;33438-3;https://loinc.org/33438-3/;;;0
101442;1;Patient;Mechanische Atemfrequenz Beatmet;Beatmung_Messung_AF;Breathing Frequency;1/min;{Breaths}/min;6;Decimal_6_3;33438-3;https://loinc.org/33438-3/;;;0
103035;1;Patient;Mechanische Atemfrequenz Beatmet;Beatmung_MS_G5_ftotal;Gesamtatemfrequenz, ein Monitoring Parameter;AZ/min;{Breaths}/min;6;Decimal_6_3;33438-3;https://loinc.org/33438-3/;;;0
103127;1;Patient;Mechanische Atemfrequenz Beatmet;Beatmung_MS_BiPAPV_AF;Messparameter: gemessene Atemfrequenz;AZ/min;{Breaths}/min;6;Decimal_6_3;33438-3;https://loinc.org/33438-3/;;;0
103265;1;Patient;Mechanische Atemfrequenz Beatmet;Beatmung_MS_VisionA_BreathRate;Messwert: gemessene Atemfrequenz;AZ/min;{Breaths}/min;6;Decimal_6_3;33438-3;https://loinc.org/33438-3/;;;0
103287;1;Patient;Mechanische Atemfrequenz Beatmet;Beatmung_MS_Evita2_frequenz;gemessene Atemfrequenz;bpm;{Breaths}/min;6;Decimal_6_3;33438-3;https://loinc.org/33438-3/;;;0
103323;1;Patient;Mechanische Atemfrequenz Beatmet;Beatmung_MS_Evita4_frequenz;gemessene Gesamtatemfrequenz;bpm;{Breaths}/min;6;Decimal_6_3;33438-3;https://loinc.org/33438-3/;;;0
103325;1;Patient;Mechanische Atemfrequenz Beatmet;Beatmung_MS_Evita4_fmand;gemessene mandatorische Atemfrequenz;bpm;{Breaths}/min;6;Decimal_6_3;33438-3;https://loinc.org/33438-3/;;;0
103430;1;Patient;Mechanische Atemfrequenz Beatmet;Beatmung_MS_Avea_Frequenz;gemessene Atemfrequenz;bpm;{Breaths}/min;6;Decimal_6_3;33438-3;https://loinc.org/33438-3/;;;0
103436;1;Patient;Mechanische Atemfrequenz Beatmet;Beatmung_MS_Avea_MandAF;gemessene mandatorische Atemfrequenz;bpm;{Breaths}/min;6;Decimal_6_3;33438-3;https://loinc.org/33438-3/;;;0
104245;1;Patient;Mechanische Atemfrequenz Beatmet;Beatmung_MS_Servoi_AF;Atemfrequenz ;[AZ/min];{Breaths}/min;6;Decimal_6_3;33438-3;https://loinc.org/33438-3/;;;0
104283;1;Patient;Mechanische Atemfrequenz Beatmet;Beatmung_ES_Servoi_Frequenz;Atemfrequenz ;[n/min];{Breaths}/min;6;Decimal_6_3;33438-3;https://loinc.org/33438-3/;;;0
104727;1;Patient;Mechanische Atemfrequenz Beatmet;Beatmung_MS_Pallas_Frequenz;Gemessene Atemfrequenz.;1/min;{Breaths}/min;6;Decimal_6_3;33438-3;https://loinc.org/33438-3/;;;0
107875;1;Patient;Mechanische Atemfrequenz Beatmet;Beatmung_MS_T1_fTotal;Gesamtfrequenz;AZ/min;{Breaths}/min;6;Decimal_6_3;33438-3;https://loinc.org/33438-3/;;;0
108019;1;Patient;Mechanische Atemfrequenz Beatmet;P_Beatmung_MS_C3_fTotal;Gesamtatemfrequenz;bpm;{Breaths}/min;6;Decimal_6_3;33438-3;https://loinc.org/33438-3/;;;0
102873;1;Patient;Mittlerer Beatmungsdruck;Beatmung_ES_VisionA_MAP;Mittlerer Atemwegsdruck (MAP);cm H2O;cm[H2O];6;Decimal_6_3;76530-5;https://loinc.org/76530-5/;;;0
102878;1;Patient;Mittlerer Beatmungsdruck;Beatmung_MS_VisionA_MAP;gemessener Mittlerer Atemwegsdruck unter HFO bei Alpha Vision;cm H2O;cm[H2O];6;Decimal_6_3;76530-5;https://loinc.org/76530-5/;;;0
103429;1;Patient;Mittlerer Beatmungsdruck;Beatmung_MS_Avea_Mitteldruck;gemessener Atemwegsmitteldruck;cm H2O;cm[H2O];6;Decimal_6_3;76530-5;https://loinc.org/76530-5/;;;0
104249;1;Patient;Mittlerer Beatmungsdruck;Beatmung_MS_Servoi_Pmean;Mittlerer Atemwegsdruck ;[cmH2O];cm[H2O];6;Decimal_6_3;76530-5;https://loinc.org/76530-5/;;;0
1273;1;Patient;Periphere Artierielle Sauerstoffsaettigung ICU;SaO2;arterielle Sauerstoffsättigung;%;%;6;Decimal_6_3;2708-6;https://loinc.org/2708-6/;;;0
100102;1;Patient;Positv Endexpiratorischer Druck;Beatmung_Einstellung_PEEP;Positiver endexspiratorischer Druck (PEEP);mbar;cm[H2O];6;Decimal_6_3;76248-4;https://loinc.org/76248-4/;250854009;https://bioportal.bioontology.org/ontologies/SNOMEDCT?p=classes&conceptid=250854009;0
100275;1;Patient;Positv Endexpiratorischer Druck;Beatmung_Messung_PEEP;;mbar;cm[H2O];6;Decimal_6_3;76248-4;https://loinc.org/76248-4/;250854009;https://bioportal.bioontology.org/ontologies/SNOMEDCT?p=classes&conceptid=250854009;0
100292;1;Patient;Positv Endexpiratorischer Druck;Beatmung_Messung_intermPEEP;;mbar;cm[H2O];6;Decimal_6_3;76248-4;https://loinc.org/76248-4/;250854009;https://bioportal.bioontology.org/ontologies/SNOMEDCT?p=classes&conceptid=250854009;0
101444;1;Patient;Positv Endexpiratorischer Druck;Beatmung_Messung_IntrinsicPEEP;Intrinsic PEEP;mbar;cm[H2O];6;Decimal_6_3;76248-4;https://loinc.org/76248-4/;250854009;https://bioportal.bioontology.org/ontologies/SNOMEDCT?p=classes&conceptid=250854009;0
103142;1;Patient;Positv Endexpiratorischer Druck;Beatmung_MS_VisionA_PEEP;Messwert: gemessener positiver endexspiratorischer Druck;cmH2O;cm[H2O];6;Decimal_6_3;76248-4;https://loinc.org/76248-4/;250854009;https://bioportal.bioontology.org/ontologies/SNOMEDCT?p=classes&conceptid=250854009;0
103284;1;Patient;Positv Endexpiratorischer Druck;Beatmung_MS_Evita2_Ppeep;gemessener positer endexspiratorischer Druck;mbar;cm[H2O];6;Decimal_6_3;76248-4;https://loinc.org/76248-4/;250854009;https://bioportal.bioontology.org/ontologies/SNOMEDCT?p=classes&conceptid=250854009;0
103318;1;Patient;Positv Endexpiratorischer Druck;Beatmung_MS_Evita4_PEEP;gemessener positiver endexspiratorischer Druck;mbar;cm[H2O];6;Decimal_6_3;76248-4;https://loinc.org/76248-4/;250854009;https://bioportal.bioontology.org/ontologies/SNOMEDCT?p=classes&conceptid=250854009;0
103425;1;Patient;Positv Endexpiratorischer Druck;Beatmung_MS_Avea_PEEP;gemessenes PEEP Niveau;cmH2O;cm[H2O];6;Decimal_6_3;76248-4;https://loinc.org/76248-4/;250854009;https://bioportal.bioontology.org/ontologies/SNOMEDCT?p=classes&conceptid=250854009;0
103443;1;Patient;Positv Endexpiratorischer Druck;Beatmung_MS_Avea_AutoPEEP;gemessener AutoPEEP;cmH2O;cm[H2O];6;Decimal_6_3;76248-4;https://loinc.org/76248-4/;250854009;https://bioportal.bioontology.org/ontologies/SNOMEDCT?p=classes&conceptid=250854009;0
103943;1;Patient;Positv Endexpiratorischer Druck;Beatmung_ES_Heimbeatmung_Peep;;mbar;cm[H2O];6;Decimal_6_3;76248-4;https://loinc.org/76248-4/;250854009;https://bioportal.bioontology.org/ontologies/SNOMEDCT?p=classes&conceptid=250854009;0
104168;1;Patient;Positv Endexpiratorischer Druck;Beatmung_ES_Zephyros_Peep;;mbar;cm[H2O];6;Decimal_6_3;76248-4;https://loinc.org/76248-4/;250854009;https://bioportal.bioontology.org/ontologies/SNOMEDCT?p=classes&conceptid=250854009;0
104189;1;Patient;Positv Endexpiratorischer Druck;Beatmung_MS_Zephyros_Ppeep;;cm H2O;cm[H2O];6;Decimal_6_3;76248-4;https://loinc.org/76248-4/;250854009;https://bioportal.bioontology.org/ontologies/SNOMEDCT?p=classes&conceptid=250854009;0
104190;1;Patient;Positv Endexpiratorischer Druck;Beatmung_MS_Zephyros_Ppeepi;;cm H2O;cm[H2O];6;Decimal_6_3;76248-4;https://loinc.org/76248-4/;250854009;https://bioportal.bioontology.org/ontologies/SNOMEDCT?p=classes&conceptid=250854009;0
104248;1;Patient;Positv Endexpiratorischer Druck;Beatmung_MS_Servoi_PEEP;Positiver Endexsp. Druck ;[cmH2O];cm[H2O];6;Decimal_6_3;76248-4;https://loinc.org/76248-4/;250854009;https://bioportal.bioontology.org/ontologies/SNOMEDCT?p=classes&conceptid=250854009;0
104264;1;Patient;Positv Endexpiratorischer Druck;Beatmung_ES_Servoi_PEEP;PEEP ;[cmH2O];cm[H2O];6;Decimal_6_3;76248-4;https://loinc.org/76248-4/;250854009;https://bioportal.bioontology.org/ontologies/SNOMEDCT?p=classes&conceptid=250854009;0
104722;1;Patient;Positv Endexpiratorischer Druck;Beatmung_MS_Pallas_PEEP;Dokumentation des gemessenen PEEPs.;mbar;cm[H2O];6;Decimal_6_3;76248-4;https://loinc.org/76248-4/;250854009;https://bioportal.bioontology.org/ontologies/SNOMEDCT?p=classes&conceptid=250854009;0
107815;1;Patient;Positv Endexpiratorischer Druck;Beatmung_ES_Leoni_PEEP;;cmH2O;cm[H2O];6;Decimal_6_3;76248-4;https://loinc.org/76248-4/;250854009;https://bioportal.bioontology.org/ontologies/SNOMEDCT?p=classes&conceptid=250854009;0
102019;1;Patient;Pulmonalarterieller Blutdruck;PAM;Mittlerer pulmonale arterieller Druck;mmHg;mm[Hg];6;Decimal_6_3;;;75367002;https://bioportal.bioontology.org/ontologies/SNOMEDCT?p=classes&conceptid=75367002;0
102050;1;Patient;Pulmonalarterieller Blutdruck;PAP;Pulmunalarterieller Druck;mmHg;mm[Hg];12;Medic_Pressure;;;75367002;https://bioportal.bioontology.org/ontologies/SNOMEDCT?p=classes&conceptid=75367002;0
102018;1;Patient;Pulmonalarterieller Wedge Druck;PWP;Pulmunaler Wedgedruck;mmHg;mm[Hg];6;Decimal_6_3;75994-4;https://loinc.org/75994-4/;118433006;https://bioportal.bioontology.org/ontologies/SNOMEDCT?p=classes&conceptid=118433006;0
102026;1;Patient;Pulmonalvaskulaerer Widerstandsindex;PVRI;Pulmunaler Gefäßwiderstandsindex ;dynes x sek/cm-5/m2;dyn.s/(cm5.m2);6;Decimal_6_3;8834-4;https://loinc.org/8834-4/;276902009;https://bioportal.bioontology.org/ontologies/SNOMEDCT?p=classes&conceptid=276902009;0
102047;1;Patient;Pulmonalvaskulaerer Widerstandsindex;PVPI;Pulmonalvaskuläer Permeabilitätsindex ;;dyn.s/(cm5.m2);6;Decimal_6_3;8834-4;https://loinc.org/8834-4/;276902009;https://bioportal.bioontology.org/ontologies/SNOMEDCT?p=classes&conceptid=276902009;0
102192;1;Patient;Pulmonalvaskulaerer Widerstandsindex;VigilanceC_PVRI;Pulmonaler vasculärer Widerstandsindex;;dyn.s/(cm5.m2);6;Decimal_6_3;8834-4;https://loinc.org/8834-4/;276902009;https://bioportal.bioontology.org/ontologies/SNOMEDCT?p=classes&conceptid=276902009;0
102016;1;Patient;Rechtsatrialer Druck;RAP;Rechtsatrial Mitteldruck;mmHg;mm[Hg];6;Decimal_6_3;;;75367002;https://bioportal.bioontology.org/ontologies/SNOMEDCT?p=classes&conceptid=75367002;0
110921;1;Patient;Rechtsatrialer Druck;RAP1;rechtsartrialer Druck;mmHg;mm[Hg];12;Medic_Pressure;;;75367002;https://bioportal.bioontology.org/ontologies/SNOMEDCT?p=classes&conceptid=75367002;0
102015;1;Patient;Rechtsventrikulaerer Druck;RVP;Rechtsventrikulärer Mitteldruck;mmHg;mm[Hg];6;Decimal_6_3;;;75367002;https://bioportal.bioontology.org/ontologies/SNOMEDCT?p=classes&conceptid=75367002;0
102056;1;Patient;Rechtsventrikulaerer Druck;RVP;Rechtsventrikulärer Mitteldruck;mmHg;mm[Hg];12;Medic_Pressure;;;75367002;https://bioportal.bioontology.org/ontologies/SNOMEDCT?p=classes&conceptid=75367002;0
100100;1;Patient;Sauerstofffraktion;Beatmung_Messung_FiO2;FiO2;%;;6;Decimal_6_3;71835-3;https://loinc.org/71835-3/;;;0
101619;1;Patient;Sauerstofffraktion;Beatmung_VO_FiO2;;;;30;Decimal_6_3Order;71835-3;https://loinc.org/71835-3/;;;0
101629;1;Patient;Sauerstofffraktion;Beatmung_Proc_FiO2;;;;32;Decimal_6_3Procedure;71835-3;https://loinc.org/71835-3/;;;0
103130;1;Patient;Sauerstofffraktion;Beatmung_MS_BiPAPV_O2Konzentration;Messwert: gemessene O2 Konzentration des Gasgemisches;%;;6;Decimal_6_3;71835-3;https://loinc.org/71835-3/;;;0
103216;1;Patient;Sauerstofffraktion;Beatmung_MS_3100B_O2Konzentration;Messwert: gemessene O2 Konzentration des Gasgemisches;%;;6;Decimal_6_3;71835-3;https://loinc.org/71835-3/;;;0
103281;1;Patient;Sauerstofffraktion;Beatmung_MS_Evita2_O2Konzentration;gemessene O2 Konzentration im Inspirationsgas;Vol %;;6;Decimal_6_3;71835-3;https://loinc.org/71835-3/;;;0
103314;1;Patient;Sauerstofffraktion;Beatmung_MS_Evita4_FiO2;gemessene O2 Konzentration des inspiratorischen Atemgasgemisches;Vol%;;6;Decimal_6_3;71835-3;https://loinc.org/71835-3/;;;0
103439;1;Patient;Sauerstofffraktion;Beatmung_MS_Avea_FiO2;gemessene Sauerstoffkonzentration im Atemgas;%;;6;Decimal_6_3;71835-3;https://loinc.org/71835-3/;;;0
104161;1;Patient;Sauerstofffraktion;Beatmung_ES_Zephyros_FIO2;;%;;6;Decimal_6_3;71835-3;https://loinc.org/71835-3/;;;0
104730;1;Patient;Sauerstofffraktion;Beatmung_MS_Pallas_O2_insp;Gemessene inspiratorische O2 Konzentration.;%;;6;Decimal_6_3;71835-3;https://loinc.org/71835-3/;;;0
110838;1;Patient;Sauerstofffraktion;P_Beatmung_ES_3100A_O2Konzentration;O2 Konzentration des Gasgemisches;;;6;Decimal_6_3;71835-3;https://loinc.org/71835-3/;;;0
100105;1;Patient;Sauerstofffraktion Eingestellt;Beatmung_Einstellung_FiO2;O²- Konzentration im Inspirationsgemisch (FiO2);%;;6;Decimal_6_3;19994-3;https://loinc.org/19994-3/;;;0
103126;1;Patient;Sauerstofffraktion Eingestellt;Beatmung_ES_BiPAPV_O2Konzentration;Einstellparameter: O2 Konzentration des Gasgemisches;%;;6;Decimal_6_3;19994-3;https://loinc.org/19994-3/;;;0
103214;1;Patient;Sauerstofffraktion Eingestellt;Beatmung_ES_3100B_O2Konzentration;Einstellwert: O2 Konzentration des Gasgemisches;%;;6;Decimal_6_3;19994-3;https://loinc.org/19994-3/;;;0
103267;1;Patient;Sauerstofffraktion Eingestellt;Beatmung_ES_Evita2_O2Konzentration;eingestellte O2 Konzentration des Gases;Vol %;;6;Decimal_6_3;19994-3;https://loinc.org/19994-3/;;;0
103296;1;Patient;Sauerstofffraktion Eingestellt;Beatmung_ES_Evita4_O2Konzentration;eingestellte O2 Konzentration des Frischgases;%;;6;Decimal_6_3;19994-3;https://loinc.org/19994-3/;;;0
103413;1;Patient;Sauerstofffraktion Eingestellt;Beatmung_ES_Avea_FiO2;eingestellte Sauerstoffkonzentration des inspiratorischen Atemgases;%;;6;Decimal_6_3;19994-3;https://loinc.org/19994-3/;;;0
103091;1;Patient;Sauerstoffgasfluss;Beatmung_ES_CF800_SauerstoffFlow;Einstellgröße Gasfluss Sauerstoff;l/min;L/min;6;Decimal_6_3;19941-4;https://loinc.org/19941-4/;;;0
104150;1;Patient;Sauerstoffgasfluss;Beatmung_ES_Airvo_O2Flow;Dokumentation des eingestellten O2 Flusses, welcher am Gerät Airvo angeschlossen ist.;L/min;L/min;6;Decimal_6_3;19941-4;https://loinc.org/19941-4/;;;0
104770;1;Patient;Sauerstoffgasfluss;Beatmung_ES_Pallas_FrischgasFlow;Gesamt Frischgasfluss (Summe aus O2 + AIR);L/min;L/min;6;Decimal_6_3;19941-4;https://loinc.org/19941-4/;;;0
105041;1;Patient;Sauerstoffgasfluss;AT_O2Flow;;l/min;L/min;26;ApparatusBar;19941-4;https://loinc.org/19941-4/;;;0
106784;1;Patient;Sauerstoffgasfluss;Beatmung_ES_Optiflow_O2Flow;;l/min;L/min;6;Decimal_6_3;19941-4;https://loinc.org/19941-4/;;;0
113046;1;Patient;Sauerstoffgasfluss;Beatmung_ES_T1_Flow;Einstellung Sauerstoff Flow;L/min;L/min;6;Decimal_6_3;19941-4;https://loinc.org/19941-4/;;;0
102010;1;Patient;Sauerstoffsaettigung Im Arteriellen Blut Per Pulsoxymetrie;SpO2;Sauerstoffsättigung Pulsoxymetrie;%;%;6;Decimal_6_3;59408-5;https://loinc.org/59408-5/;;;0
100270;1;Patient;Spontane Atemfrequenz Beatmet;Beatmung_Messung_AFSpontan;Respiratory Rate (spontan);1/min;/min;6;Decimal_6_3;;;;;0
103036;1;Patient;Spontane Atemfrequenz Beatmet;Beatmung_MS_G5_fspontan;Spontane Atemfrequenz;AZ/min;/min;6;Decimal_6_3;;;;;0
103291;1;Patient;Spontane Atemfrequenz Beatmet;Beatmung_MS_Evita2_frequenzspon;gemessene spontane Atemfrequenz;bpm;/min;6;Decimal_6_3;;;;;0
103324;1;Patient;Spontane Atemfrequenz Beatmet;Beatmung_MS_Evita4_fspn;gemessene spontane Atemfrequenz;bpm;/min;6;Decimal_6_3;;;;;0
103435;1;Patient;Spontane Atemfrequenz Beatmet;Beatmung_MS_Avea_SpontAF;gemessene spontane Atemfrequenz;bpm;/min;6;Decimal_6_3;;;;;0
107841;1;Patient;Spontane Atemfrequenz Beatmet;Beatmung_MS_Leoni_Freq_Spontan;;1/min;/min;6;Decimal_6_3;;;;;0
107874;1;Patient;Spontane Atemfrequenz Beatmet;Beatmung_MS_T1_fSpontan;Spontane Atemfrequenz;AZ/min;/min;6;Decimal_6_3;;;;;0
108018;1;Patient;Spontane Atemfrequenz Beatmet;P_Beatmung_MS_C3_fSpontan;Spontane Atemfrequenz;bpm;/min;6;Decimal_6_3;;;;;0
103036;1;Patient;Spontane Mechanische Atemfrequenz Beatmet;Beatmung_MS_G5_fspontan;Spontane Atemfrequenz;AZ/min;/min;6;Decimal_6_3;19840-8;https://loinc.org/19840-8/;;;0
103291;1;Patient;Spontane Mechanische Atemfrequenz Beatmet;Beatmung_MS_Evita2_frequenzspon;gemessene spontane Atemfrequenz;bpm;/min;6;Decimal_6_3;19840-8;https://loinc.org/19840-8/;;;0
103324;1;Patient;Spontane Mechanische Atemfrequenz Beatmet;Beatmung_MS_Evita4_fspn;gemessene spontane Atemfrequenz;bpm;/min;6;Decimal_6_3;19840-8;https://loinc.org/19840-8/;;;0
103435;1;Patient;Spontane Mechanische Atemfrequenz Beatmet;Beatmung_MS_Avea_SpontAF;gemessene spontane Atemfrequenz;bpm;/min;6;Decimal_6_3;19840-8;https://loinc.org/19840-8/;;;0
107874;1;Patient;Spontane Mechanische Atemfrequenz Beatmet;Beatmung_MS_T1_fSpontan;Spontane Atemfrequenz;AZ/min;/min;6;Decimal_6_3;19840-8;https://loinc.org/19840-8/;;;0
108018;1;Patient;Spontane Mechanische Atemfrequenz Beatmet;P_Beatmung_MS_C3_fSpontan;Spontane Atemfrequenz;bpm;/min;6;Decimal_6_3;19840-8;https://loinc.org/19840-8/;;;0
103432;1;Patient;Spontanes Atemzugvolumen;Beatmung_MS_Avea_SpontVte;gemessenes spontanes Tidalvolumen;L;mL;6;Decimal_6_3;20116-0;https://loinc.org/20116-0/;250816009;https://bioportal.bioontology.org/ontologies/SNOMEDCT?p=classes&conceptid=250816009;0
102940;1;Patient;Substituatfluss;Nierenverfahren_VO_Multi_Substituat;Substituat in ml/h;;ml/h;6;Decimal_6_3;;;708513005;https://bioportal.bioontology.org/ontologies/SNOMEDCT?p=classes&conceptid=708513005;0
102967;1;Patient;Substituatfluss;Nierenverfahren_VO_ADM_Austauschrate;"Umsatz, Austausch; Substituat ml/h";;ml/h;6;Decimal_6_3;;;708513005;https://bioportal.bioontology.org/ontologies/SNOMEDCT?p=classes&conceptid=708513005;0
102978;1;Patient;Substituatfluss;Nierenverfahren_ES_Multi_Substituat;Umsatz, Austausch Substituat ml/h;;ml/h;6;Decimal_6_3;;;708513005;https://bioportal.bioontology.org/ontologies/SNOMEDCT?p=classes&conceptid=708513005;0
102992;1;Patient;Substituatfluss;Nierenverfahren_ES_BM25_Umsatz;Austausch, Substituat, ml/h;;ml/h;6;Decimal_6_3;;;708513005;https://bioportal.bioontology.org/ontologies/SNOMEDCT?p=classes&conceptid=708513005;0
103006;1;Patient;Substituatfluss;Nierenverfahren_ES_ADM_Austauschrate;Umsatz, Substituat;ml/h;ml/h;6;Decimal_6_3;;;708513005;https://bioportal.bioontology.org/ontologies/SNOMEDCT?p=classes&conceptid=708513005;0
102941;1;Patient;Substituatvolumen;Nierenverfahren_VO_Multi_SubstituatBolus;Substituatbolus in ml;;l;6;Decimal_6_3;;;708514004;https://bioportal.bioontology.org/ontologies/SNOMEDCT?p=classes&conceptid=708514004;0
102979;1;Patient;Substituatvolumen;Nierenverfahren_ES_Multi_SubstituatBolus;Substituatbolus ml;;l;6;Decimal_6_3;;;708514004;https://bioportal.bioontology.org/ontologies/SNOMEDCT?p=classes&conceptid=708514004;0
100073;1;Patient;Systemischer Vaskulaerer Widerstandsindex;SVRI;Index des systemischen Gefäßwiderstandes ;dynes x sek/cm-5/m2;dyn.s/(cm.m2);6;Decimal_6_3;8837-7;https://loinc.org/8837-7/;276900001;https://bioportal.bioontology.org/ontologies/SNOMEDCT?p=classes&conceptid=276900001;0
102038;1;Patient;Systemischer Vaskulaerer Widerstandsindex;p-SVRI;Index des systemischen Gefäßwiderstandes (PICCO Modul Dräger Monitoring)  ;dynes x sek/cm-5/m2;dyn.s/(cm.m2);6;Decimal_6_3;8837-7;https://loinc.org/8837-7/;276900001;https://bioportal.bioontology.org/ontologies/SNOMEDCT?p=classes&conceptid=276900001;0
102165;1;Patient;Systemischer Vaskulaerer Widerstandsindex;PICCO_SVRI;Systemic vascular resistance index;;dyn.s/(cm.m2);6;Decimal_6_3;8837-7;https://loinc.org/8837-7/;276900001;https://bioportal.bioontology.org/ontologies/SNOMEDCT?p=classes&conceptid=276900001;0
102181;1;Patient;Systemischer Vaskulaerer Widerstandsindex;Vigileo_SVRI;Systemic vascular resistance index;dyne-s-m²/cm5;dyn.s/(cm.m2);6;Decimal_6_3;8837-7;https://loinc.org/8837-7/;276900001;https://bioportal.bioontology.org/ontologies/SNOMEDCT?p=classes&conceptid=276900001;0
102190;1;Patient;Systemischer Vaskulaerer Widerstandsindex;VigilanceC_SVRI;Systemischer Gefäßwiderstandsindex;;dyn.s/(cm.m2);6;Decimal_6_3;8837-7;https://loinc.org/8837-7/;276900001;https://bioportal.bioontology.org/ontologies/SNOMEDCT?p=classes&conceptid=276900001;0
103011;1;Patient;Venoeser Druck;Nierenverfahren_MS_Multi_venDruck;venöser Druck;mmHg;mm[Hg];6;Decimal_6_3;;;252076005;https://bioportal.bioontology.org/ontologies/SNOMEDCT?p=classes&conceptid=252076005;0
102926;1;Patient;Zeitverhaeltnis Ein Ausatmung;Beatmung_MS_G5_IEVerhaeltnis;gemessenes I:E Verhältnis;;{ratio};3;String;75931-6;https://loinc.org/75931-6/;250822000;https://bioportal.bioontology.org/ontologies/SNOMEDCT?p=classes&conceptid=250822000;0
103266;1;Patient;Zeitverhaeltnis Ein Ausatmung;Beatmung_MS_VisionA_IEVerhaeltnis;Messwert: gemessenes I:E Verhältnis;;{ratio};3;String;75931-6;https://loinc.org/75931-6/;250822000;https://bioportal.bioontology.org/ontologies/SNOMEDCT?p=classes&conceptid=250822000;0
103426;1;Patient;Zeitverhaeltnis Ein Ausatmung;Beatmung_MS_Avea_IE;gemessenes I zu E Verhältnis;Verhältnis;{ratio};3;String;75931-6;https://loinc.org/75931-6/;250822000;https://bioportal.bioontology.org/ontologies/SNOMEDCT?p=classes&conceptid=250822000;0
107876;1;Patient;Zeitverhaeltnis Ein Ausatmung;Beatmung_MS_T1_IEVerhaeltnis;gemessenes I:E Verhältnis;;{ratio};3;String;75931-6;https://loinc.org/75931-6/;250822000;https://bioportal.bioontology.org/ontologies/SNOMEDCT?p=classes&conceptid=250822000;0
110915;1;Patient;Zeitverhaeltnis Ein Ausatmung;Beatmung_MS_Servoi_I_E;I:E Verhältnis (Messung);;{ratio};3;String;75931-6;https://loinc.org/75931-6/;250822000;https://bioportal.bioontology.org/ontologies/SNOMEDCT?p=classes&conceptid=250822000;0
1269;1;Patient;Zentralvenoeser Blutdruck;ZVD;Zentralvenöser Druck;mmHg;mm[Hg];6;Decimal_6_3;60985-9;https://loinc.org/60985-9/;71420008;https://bioportal.bioontology.org/ontologies/SNOMEDCT?p=classes&conceptid=71420008;0
102163;1;Patient;Zentralvenoeser Blutdruck;PICCO_ZVD;Zentraler Venendruck;;mm[Hg];6;Decimal_6_3;60985-9;https://loinc.org/60985-9/;71420008;https://bioportal.bioontology.org/ontologies/SNOMEDCT?p=classes&conceptid=71420008;0
